{
    "PelecA": {
        "c_in": 4843.578554673192,
        "c_e": 3450.723665141204,
        "r_in_ia": 0.004903829611526047,
        "r_ia_a": 0.017168997898729905,
        "r_ia_e": 0.0009341591172005359,
        "r_e_a": 0.0014134216996127963,
        "f_sol": 0.2257562559739442,
        "f_heat_rad": 0.2,
        "f_heat_rad_ext": 0.6,
        "f_conv": 0.09,
        "f_shading": 0.05,
        "f_elec": 0.80820353141882527,
        "ac_details": {
            "max_power": 3000.0,
            "cop": 4.5,
            "preferred_setpoint": 24.0
        }
    },
    "PelecB": {
        "c_in": 5141.997897438098,
        "c_e": 7086.575937075335,
        "r_in_ia": 0.0034738036231134546,
        "r_ia_a": 0.017059413286065854,
        "r_ia_e": 0.000193835546566734,
        "r_e_a": 0.001479704992057536,
        "f_sol": 0.13890128859779835,
        "f_heat_rad": 0.2,
        "f_heat_rad_ext": 0.6,
        "f_conv": 0.09,
        "f_shading": 0.05,
        "f_elec": 0.62440435027519506,
        "ac_details": {
            "max_power": 4000.0,
            "cop": 3.5,
            "preferred_setpoint": 24.0
        }
    }
}